
insert into local_user(email_verified, email, password, first_name, last_name, username)
values (false,'zoul@yallo.com','$2a$10$N1geJeRV7FXcYCobvGHU7.Tb5CoeZ7gRCCKhXBzQt7dPnEKYp1QFi','latif','zou','latif'),
       (false,'hallo@yallo.com','$2a$10$N1geJeRV7FXcYCobvGHU7.Tb5CoeZ7gRCCKhXBzQt7dPnEKYp1QFi','hallo','zou','hallo');


        INSERT INTO product (name, short_description, long_description, price)
        VALUES
--             ('Product #1', 'Product one short description.', 'This is a very long description of product #1.', 5.50) ,
--          ('Product #2', 'Product two short description.', 'This is a very long description of product #2.', 10.56) ,
--          ('Product #3', 'Product three short description.', 'This is a very long description of product #3.', 2.74),
--          ('Product #4', 'Product four short description.', 'This is a very long description of product #4.', 15.69),
--          ('Product #5', 'Product five short description.', 'This is a very long description of product #5.', 42.59);
('Smartphone X', 'Powerful and sleek smartphone', 'The Smartphone X comes with the latest features and a stunning design, making it your perfect companion for productivity and entertainment.', 499.99),
('Wireless Headphones', 'High-quality sound and comfort', 'Immerse yourself in your favorite music with our wireless headphones. Enjoy crisp audio and long-lasting comfort for all-day listening pleasure.', 79.99),
('Coffee Maker Pro', 'Brew the perfect cup every time', 'Start your day right with our Coffee Maker Pro. It features advanced brewing technology for a rich and flavorful coffee experience at home.', 129.99),
('Fitness Tracker Plus', 'Track your health and fitness goals', 'Stay active and monitor your health with our Fitness Tracker Plus. It comes with a variety of features, including heart rate monitoring and sleep tracking.', 89.99),
('Laptop Elite', 'Powerful performance in a slim design', 'Experience top-notch performance with our Laptop Elite. Whether for work or play, this laptop delivers speed and efficiency in a sleek and portable package.', 899.99),
('Smartwatch Pro', 'Stay connected on the go', 'The Smartwatch Pro offers a range of features, including notifications, health tracking, and customizable watch faces. Stay connected and stylish wherever you are.', 149.99),
('Gaming Console X', 'Immersive gaming experience', 'Elevate your gaming with Console X. Enjoy stunning graphics, powerful performance, and a vast library of games. Level up your gaming setup with this console.', 299.99),
('Camera Drone Explorer', 'Capture breathtaking aerial shots', 'Unleash your creativity with the Camera Drone Explorer. Explore the skies and capture stunning aerial photos and videos. Perfect for photographers and enthusiasts.', 349.99),
('Home Security System', 'Protect your home with advanced security', 'Ensure the safety of your home with our Home Security System. Features include motion detection, remote monitoring, and smart home integration for peace of mind.', 199.99),
('High-Performance Blender', 'Blend your way to a healthier lifestyle', 'Create delicious and nutritious smoothies with our High-Performance Blender. Its powerful motor and durable blades make blending a breeze for your daily dose of health.', 129.99),
('4K Ultra HD TV', 'Immerse yourself in stunning visuals', 'Experience entertainment like never before with our 4K Ultra HD TV. Enjoy vivid colors, sharp details, and smart features for a cinematic viewing experience at home.', 799.99),
('All-in-One Desktop Computer', 'Sleek design with integrated performance', 'Experience the convenience of an All-in-One Desktop Computer. With a space-saving design and powerful specs, it is perfect for both work and entertainment.', 999.99),
('Mechanical Gaming Keyboard', 'Precision and durability for gamers', 'Take your gaming to the next level with our Mechanical Gaming Keyboard. Enjoy tactile feedback and customizable keys for an immersive gaming experience.', 79.99),
('Wireless Noise-Canceling Headset', 'Crystal-clear audio without the wires', 'Stay focused with our Wireless Noise-Canceling Headset. Whether you are working or gaming, enjoy high-quality audio and the freedom of wireless connectivity.', 149.99),
('Graphics Card - 8GB VRAM', 'Boost your graphics performance', 'Upgrade your gaming or content creation setup with our Graphics Card featuring 8GB VRAM. Enjoy smooth visuals and enhanced performance for graphics-intensive tasks.', 349.99),
('Dual Monitor Stand', 'Maximize your workspace', 'Organize your desk and enhance productivity with our Dual Monitor Stand. Mount two monitors for a dual-display setup, perfect for multitasking and efficient work.', 89.99),
('Compact Mini PC', 'Space-saving computing without compromise', 'Get powerful computing in a compact form with our Compact Mini PC. Ideal for small spaces or as a media center, it delivers performance without sacrificing space.', 699.99),
('Wireless Gaming Mouse', 'Precision for gaming enthusiasts', 'Enhance your gaming setup with our Wireless Gaming Mouse. Enjoy responsive and accurate controls without the constraints of wires.', 69.99),
('Smart Home Hub', 'Centralized control for your smart devices', 'Transform your home with our Smart Home Hub. Control lights, thermostats, and more with a centralized hub for a seamless smart home experience.', 129.99),
('Ultra-Thin Laptop', 'Portable and powerful for professionals', 'Stay productive on the go with our Ultra-Thin Laptop. Slim design, high-performance specs, and long battery life make it an ideal choice for professionals.', 1199.99),
('Mechanical Gaming Mousepad', 'Optimized surface for precision', 'Maximize your gaming performance with our Mechanical Gaming Mousepad. The optimized surface ensures precise mouse movements for competitive gaming.', 39.99),
('Smart Wi-Fi Thermostat', 'Energy-efficient temperature control', 'Take control of your homes climate with our Smart Wi-Fi Thermostat. Schedule heating and cooling to save energy and create a comfortable living environment.', 89.99),
('HD Webcam with Microphone', 'Crystal-clear video for virtual meetings', 'Upgrade your virtual meetings with our HD Webcam. Featuring a built-in microphone, it delivers clear video and audio for seamless communication.', 59.99),
('Multi-Port USB-C Hub', 'Expand your connectivity options', 'Connect multiple devices with our Multi-Port USB-C Hub. It offers a variety of ports for convenient connectivity, making it a versatile accessory for your laptop.', 49.99),
('Wireless Charging Pad', 'Effortless charging for compatible devices', 'Experience wireless charging with our Wireless Charging Pad. Simply place your compatible device on the pad for convenient and cable-free charging.', 29.99),
('Portable External Battery Pack', 'On-the-go power for your devices', 'Stay charged wherever you go with our Portable External Battery Pack. It provides extra power for your devices, ensuring you never run out of battery.', 49.99),
('Compact Mechanical Keyboard', 'Space-saving design with tactile feedback', 'Enhance your typing experience with our Compact Mechanical Keyboard. The space-saving design and tactile keys make it an ideal choice for both work and gaming.', 79.99),
('Bluetooth In-Ear Earbuds', 'Wireless audio for an active lifestyle', 'Enjoy wireless freedom with our Bluetooth In-Ear Earbuds. Perfect for workouts or daily use, they deliver high-quality audio without the hassle of tangled wires.', 69.99),
('HD Graphics Tablet', 'Digital creativity at your fingertips', 'Unleash your artistic potential with our HD Graphics Tablet. Whether you are a digital artist or designer, it provides precise control for your creative projects.', 149.99),
('Smart LED Desk Lamp', 'Adjustable lighting for productivity', 'Illuminate your workspace with our Smart LED Desk Lamp. Featuring adjustable brightness and color temperature, it is perfect for enhancing focus and reducing eye strain.', 89.99),
('Noise-Canceling Over-Ear Headphones', 'Immersive audio with noise cancellation', 'Immerse yourself in your favorite music with our Noise-Canceling Over-Ear Headphones. Experience crystal-clear audio and block out ambient noise for a premium listening experience.', 129.99),
('Compact Gaming PC', 'Powerful gaming performance in a small form factor', 'Step into the world of gaming with our Compact Gaming PC. It packs high-performance components into a compact design, delivering an immersive gaming experience.', 999.99),
('Smart Plug Set', 'Control your devices remotely', 'Automate your home with our Smart Plug Set. Control lights and appliances remotely, set schedules, and save energy with these convenient smart plugs.', 34.99),
('High-Resolution Laser Printer', 'Fast and crisp printing for professionals', 'Print documents with speed and precision using our High-Resolution Laser Printer. Ideal for professionals and offices requiring high-quality prints for presentations and documents.', 279.99),
('External 2TB Hard Drive', 'Ample storage for your files', 'Expand your storage capacity with our External 2TB Hard Drive. Perfect for backups and large file storage, it provides ample space for your digital content.', 129.99),
('Curved Ultrawide Monitor', 'Immersive visuals for work and play', 'Experience the ultimate visual experience with our Curved Ultrawide Monitor. The curved design and wide screen make it perfect for both work productivity and immersive gaming.', 699.99),
('Wireless Ergonomic Mouse', 'Comfortable control for extended use', 'Enhance your work comfort with our Wireless Ergonomic Mouse. Designed for extended use, it provides a comfortable grip and precise control for increased productivity.', 49.99);

        -- INSERT statements for inventory
--         INSERT INTO inventory (product_id, quantity)
--         VALUES (1, 5),
--         (2, 8),
--         (3, 12),
--         (4, 73),
--         (5, 2);

INSERT INTO inventory (product_id, quantity)
VALUES
    (1, 50),
    (2, 30),
    (3, 25),
    (4, 40),
    (5, 60),
    (6, 20),
    (7, 35),
    (8, 55),
    (9, 48),
    (10, 42),
    (11, 38),
    (12, 28),
    (13, 45),
    (14, 32),
    (15, 50),
    (16, 22),
    (17, 40),
    (18, 25),
    (19, 20),
    (20, 35),
    (21, 50),
    (22, 30),
    (23, 40),
    (24, 28),
    (25, 45),
    (26, 22),
    (27, 38),
    (28, 32),
    (29, 40),
    (30, 55),
    (31, 48),
    (32, 60),
    (33, 36),
    (34, 42),
    (35, 33),
    (36, 28),
    (37, 50);

-- Generate random ratings and reviews for each product
INSERT INTO product_reviews (product_id, rating, review)
VALUES
    (1, 'FIVE_STARS', 'Excellent wireless gaming mouse! Responsive and accurate.'),
    (1, 'ONE_STAR', 'Excellent wireless gaming mouse! Responsive and accurate, but it needs to be updated'),
    (2, 'FOUR_STARS', 'Great smart home hub, but could use more compatibility with certain devices.'),
    (3, 'FIVE_STARS', 'Amazing ultra-thin laptop! Fast and lightweight.'),
    (4, 'THREE_STARS', 'Decent mechanical gaming mousepad. Could be larger.'),
    (5, 'FOUR_STARS', 'Smart Wi-Fi thermostat works well for controlling temperature.'),
    (6, 'FIVE_STARS', 'HD webcam with microphone provides clear video and audio.'),
    (7, 'FIVE_STARS', 'Multi-port USB-C hub is a lifesaver for my laptop.'),
    (8, 'FOUR_STARS', 'Wireless charging pad is convenient and works flawlessly.'),
    (9, 'THREE_STARS', 'Portable external battery pack is okay, but the capacity could be better.'),
    (10, 'FIVE_STARS', 'Compact mechanical keyboard is a joy to type on.'),
    (11, 'FOUR_STARS', 'Bluetooth in-ear earbuds deliver good sound quality.'),
    (12, 'FIVE_STARS', 'HD graphics tablet is fantastic for digital art.'),
    (13, 'FIVE_STARS', 'Smart LED desk lamp is adjustable and great for my workspace.'),
    (14, 'FOUR_STARS', 'Noise-canceling over-ear headphones provide immersive audio.'),
    (15, 'FIVE_STARS', 'Compact gaming PC delivers powerful gaming performance.'),
    (16, 'FOUR_STARS', 'Smart plug set is convenient for home automation.'),
    (17, 'FIVE_STARS', 'High-resolution laser printer prints fast and crisp documents.'),
    (18, 'FOUR_STARS', 'External 2TB hard drive offers ample storage space.'),
    (19, 'FIVE_STARS', 'Curved ultrawide monitor provides an immersive visual experience.'),
    (20, 'FIVE_STARS', 'Wireless ergonomic mouse is comfortable for extended use.');



INSERT INTO address (address_line1, city, country, user_id)
        VALUES ('123 Tester Hill', 'Testerton', 'England', 1),
        ('312 Spring Boot', 'Hibernate', 'England', 2);

        -- SELECT statements to retrieve order IDs

        INSERT INTO web_order (address_id, user_id)
        VALUES (1, 1),
         (2, 2),
         (1, 1),
         (1, 1),
         (2, 2);

        -- INSERT statements for web_order_quantities

        INSERT INTO web_order_quantities (order_id, product_id, quantity) VALUES
         (3, 1, 5),
         (3, 2, 5),
         (2, 3, 5),
         (2, 2, 5),
         (2, 5, 5),
         (1, 3, 5),
         (5, 4, 5),
         (5, 2, 5),
         (4, 3, 5),
         (4, 1, 5);